<?xml version="1.0" encoding="UTF-8"?>
<project xmlns="http://maven.apache.org/POM/4.0.0" xmlns:xsi="http://www.w3.org/2001/XMLSchema-instance" xsi:schemaLocation="http://maven.apache.org/POM/4.0.0 http://maven.apache.org/maven-v4_0_0.xsd">
  <parent>
    <artifactId>master-pom</artifactId>
    <groupId>com.abnamro.coesoftwaredevelopment</groupId>
    <version>1.2.4</version>
    <relativePath>../pom.xml/pom.xml</relativePath>
  </parent>
  <modelVersion>4.0.0</modelVersion>
  <groupId>com.mobiquityinc.packer</groupId>
  <artifactId>containercapacitycalculator</artifactId>
  <name>ContainerCapacityCalculator</name>
  <version>0.0.1-SNAPSHOT</version>
  <ciManagement>
    <system>Jenkins</system>
    <url>https://p-jenkins.nl.eu.abnamro.com:9443/</url>
  </ciManagement>
  <build>
    <finalName>ContainerCapacityCalculator</finalName>
    <pluginManagement>
      <plugins>
        <plugin>
          <artifactId>maven-surefire-plugin</artifactId>
        </plugin>
        <plugin>
          <artifactId>maven-javadoc-plugin</artifactId>
        </plugin>
        <plugin>
          <artifactId>maven-jar-plugin</artifactId>
          <configuration>
            <excludes>
              <exclude>**/*.properties</exclude>
            </excludes>
            <archive>
              <manifest>
                <mainClass>com.mobiquityinc.packer.main.Main</mainClass>
              </manifest>
            </archive>
          </configuration>
        </plugin>
        <plugin>
          <artifactId>maven-compiler-plugin</artifactId>
          <configuration>
            <source>1.8</source>
            <target>1.8</target>
          </configuration>
        </plugin>
      </plugins>
    </pluginManagement>
    <plugins>
      <plugin>
        <artifactId>maven-shade-plugin</artifactId>
        <version>2.2</version>
        <executions>
          <execution>
            <phase>package</phase>
            <goals>
              <goal>shade</goal>
            </goals>
            <configuration>
              <transformers>
                <transformer>
                  <resource>META-INF/spring.handlers</resource>
                </transformer>
                <transformer>
                  <resource>META-INF/spring.schemas</resource>
                </transformer>
              </transformers>
              <filters>
                <filter>
                  <artifact>*:*</artifact>
                  <excludes>
                    <exclude>META-INF/*.SF</exclude>
                    <exclude>META-INF/*.DSA</exclude>
                    <exclude>META-INF/*.RSA</exclude>
                  </excludes>
                </filter>
              </filters>
            </configuration>
          </execution>
        </executions>
      </plugin>
    </plugins>
  </build>
  <repositories>
    <repository>
      <snapshots>
        <enabled>false</enabled>
      </snapshots>
      <id>ABNAMRO_PUBLIC</id>
      <name>ABNAMRO_PUBLIC</name>
      <url>${url.nexus}/public/</url>
    </repository>
    <repository>
      <snapshots>
        <enabled>false</enabled>
      </snapshots>
      <id>COESD-releases</id>
      <name>COESD-releases</name>
      <url>${url.nexus}/COESD-releases</url>
    </repository>
  </repositories>
  <pluginRepositories>
    <pluginRepository>
      <snapshots>
        <enabled>false</enabled>
      </snapshots>
      <id>ABNAMRO_public</id>
      <name>ABN AMRO public</name>
      <url>${url.nexus}/public</url>
    </pluginRepository>
  </pluginRepositories>
  <properties>
    <dependency.powermock.version>1.6.3</dependency.powermock.version>
    <sonar.jacoco.reportMissing.force.zero>true</sonar.jacoco.reportMissing.force.zero>
    <spring.version>4.3.4.RELEASE</spring.version>
    <dependency.mockito.version>1.10.19</dependency.mockito.version>
    <sonar.junit.reportsPath>${project.basedir}/target/surefire-reports</sonar.junit.reportsPath>
    <dependency.junit.version>4.12</dependency.junit.version>
    <maven.compiler.source>1.6</maven.compiler.source>
    <sonar.java.coveragePlugin>jacoco</sonar.java.coveragePlugin>
    <sonar.language>java</sonar.language>
    <clm.serverUrl>http://p-nexus-iq.nl.eu.abnamro.com:8070</clm.serverUrl>
    <application.systemletters>DRAE</application.systemletters>
    <clm.additionalScopes>test,provided,system</clm.additionalScopes>
    <maven.compiler.target>1.6</maven.compiler.target>
    <sonar.surefire.reportsPath>${project.basedir}/target/surefire-reports</sonar.surefire.reportsPath>
    <url.nexus>https://p-nexus.nl.eu.abnamro.com:8443/nexus/content/repositories</url.nexus>
    <sonar.jacoco.reportPath>${project.basedir}/target/jacoco.exec</sonar.jacoco.reportPath>
    <sonar.dynamicAnalysis>reuseReports</sonar.dynamicAnalysis>
    <dependency.jacoco.version>0.7.4.201502262128</dependency.jacoco.version>
    <clm.applicationId>DRAE_drae.LCMDelete</clm.applicationId>
  </properties>
</project>

