{
  "containers": [
      {
        "capacity": "500",
        "packets": [
          {
            "id": "01",
            "weight": "53.38",
            "cost": "45"
          },
          {
            "id": "02",
            "weight": "88.62",
            "cost": "98"
          },
          {
            "id": "03",
            "weight": "78.48",
            "cost": "3"
          },
          {
            "id": "04",
            "weight": "72.30",
            "cost": "76"
          },
          {
            "id": "05",
            "weight": "30.18",
            "cost": "9"
          },
          {
            "id": "06",
            "weight": "46.34",
            "cost": "48"
          }
        ]
      }, {
        "capacity": "300",
        "packets": [
          {
            "id": "01",
            "weight": "53.38",
            "cost": "45"
          },
          {
            "id": "02",
            "weight": "88.62",
            "cost": "98"
          },
          {
            "id": "03",
            "weight": "78.48",
            "cost": "3"
          },
          {
            "id": "04",
            "weight": "72.30",
            "cost": "76"
          },
          {
            "id": "05",
            "weight": "30.18",
            "cost": "9"
          },
          {
            "id": "06",
            "weight": "46.34",
            "cost": "48"
          }
        ]
      }
  ]
}